Questions,LLaMA Answers
"Which programming language should I master first: C++, Java, or Python — especially for placements?","Choosing the right programming language to master for placements (job interviews) can be a crucial decision, especially for beginners. While all three languages (C++, Java, and Python) are popular and widely used, I'll provide you a balanced analysis to help you decide.

**Consider the following factors:**

1. **Job market demand**: Python is currently the most in-demand language in the job market, especially in the fields of Data Science, Machine Learning, and Artificial Intelligence. C++ and Java are"
Is learning C really necessary before starting with C++ or Python?,"**Learning C Before C++ or Python: A Discussion**

While it's possible to learn C++ or Python without prior knowledge of C, having a basic understanding of C can be beneficial. Here's a balanced view of the pros and cons:

### Pros of Learning C Before C++ or Python:

1.  **Understanding of low-level memory management**: C is a low-level language that requires manual memory management through pointers, which is also a fundamental concept in C++ and Python. Knowing how to"
How much DSA is enough for cracking product-based companies like Google or Amazon?,"The amount of DSA (Data Structures and Algorithms) knowledge required to crack product-based companies like Google or Amazon can vary depending on the role and position you're applying for, as well as the company's specific requirements. However, I'll provide a general outline to help you gauge what's expected.

**Understanding the landscape:**

Product-based companies like Google and Amazon rely heavily on software engineering, and their hiring processes often involve technical interviews that assess your problem-solving skills, coding abilities, and system design"
What’s the best way to understand Computer Networks (CN) without getting bored?,"Understanding computer networks can be a fascinating and rewarding experience, but it's true that it can also be a complex and dry topic if not approached in an engaging way. Here are some tips to help you stay interested and motivated:

1. **Relate it to real-life scenarios**: Try to think of everyday situations where networks are used, such as online shopping, social media, or online gaming. How do these applications rely on computer networks? How do they work behind the scenes?
2. **Visual"
"Is it important to study COA (Computer Organization & Architecture) deeply, or just focus on key topics?","Studying Computer Organization and Architecture (COA) is a crucial aspect of computer science and engineering education. While it's possible to get by with a surface-level understanding of COA, delving deeper into the subject can provide numerous benefits. Here's why:

**Why study COA deeply?**

1. **Foundational understanding**: COA provides a solid foundation in how computers work, which is essential for understanding various aspects of computer science and engineering, such as operating systems, computer networks,"
"How should I balance my time between core subjects like CN, DBMS, OS, and DSA during semester and placement prep?","Balancing your time between core subjects, data structures and algorithms (DSA), and placement preparation is crucial to perform well in all three areas. Here are some tips to help you strike a balance:

**Time Allocation**

1.  **Core Subjects (CN, DBMS, OS)**: Allocate 40-50% of your time for these subjects. Focus on understanding the fundamentals and practicing problems related to these subjects.
2.  **DSA**: Allocate 20-30% of your time for"
How do I start learning web development from scratch — what’s the roadmap?,"Learning web development from scratch can be a challenging but rewarding journey. Here's a comprehensive roadmap to help you get started:

**Phase 1: Foundations (1-3 months)**

1. **HTML** (Hypertext Markup Language):
	* Learn the basic syntax and structure of HTML (tags, attributes, etc.)
	* Understand how to create a basic webpage with HTML
	* Online resources:
		+ Mozilla Developer Network (MDN) Web Docs
		+ W"
Should I learn JavaScript deeply before starting React?,"**Learning JavaScript before React: A Balanced Approach**

Whether or not to learn JavaScript before starting React is a common debate among developers. Here's a balanced view to help you decide:

**Why learn JavaScript first?**

1. **Foundational understanding**: JavaScript is a fundamental programming language that powers the web. Understanding its syntax, concepts, and best practices will help you grasp React more easily.
2. **Better React fundamentals**: Knowing JavaScript will enable you to understand React's core concepts, such as components"
What’s the difference between learning MERN stack and Spring Boot — which is better for job-ready projects?,"MERN (MongoDB, Express.js, React, Node.js) and Spring Boot are two popular technology stacks used for building web applications. The choice between them depends on several factors, including the project requirements, team expertise, and personal preferences. Here's a brief comparison:

**MERN Stack:**

1. **Front-end:** React.js (JavaScript library for building user interfaces)
2. **Back-end:** Node.js (JavaScript runtime environment) with Express.js (framework for building web applications)"
How do I connect a frontend (like React) to a backend API — and where should I host it?,"Connecting a frontend (like React) to a backend API involves several steps, including setting up the API, creating a connection between the frontend and backend, and hosting the frontend. Here's a general overview of the process:

**Backend API Setup**

1. **Choose a backend framework**: Select a suitable backend framework such as Node.js with Express.js, Django, or Ruby on Rails. Each has its own strengths and weaknesses.
2. **Set up the API**: Create a new project, install the"
Is it necessary to learn Next.js if I already know React?,"Learning Next.js can be beneficial even if you already know React, but it depends on your goals and the type of projects you want to build. Here's a balanced view to help you decide:

**Reasons to learn Next.js if you know React:**

1. **Server-side rendering (SSR)**: Next.js provides built-in server-side rendering, which can improve SEO, user experience, and performance. If you want to build a website or a web application that requires fast initial page loads"
"How do I build a complete web app that can go on my resume — like a to-do app isn’t enough anymore, right?","Building a complete web app can be a great way to showcase your skills on your resume. To create a more comprehensive project, you can build a web app that integrates multiple features and functionalities. Here are some ideas and steps to help you get started:

1. **Choose a concept**: Pick a domain or problem that interests you, such as:
	* Social media platform (e.g., a mini Facebook, Twitter, or Instagram clone)
	* E-commerce platform (e.g., a simple online"
"What’s the difference between AI, ML, and deep learning — and where should I start?","The terms ""Artificial Intelligence (AI), Machine Learning (ML), and Deep Learning"" are often used interchangeably, but they represent distinct concepts within the broader field of AI. Understanding the differences will help you navigate the field and make informed decisions about where to focus your efforts.

### Artificial Intelligence (AI)

**Artificial Intelligence** refers to the broader field of research aimed at creating machines that can perform tasks that typically require human intelligence, such as:

- Reasoning
- Problem-solving
-"
Do I need to be good at math to understand machine learning?,"While math is a fundamental tool for machine learning (ML), you don't necessarily need to be a math whiz to understand the basics of machine learning. However, having a solid grasp of mathematical concepts can certainly help you navigate the field more easily.

Here's a breakdown of the math required for machine learning:

**Basic math skills:**

1. **Linear algebra**: Understanding concepts like vectors, matrices, and operations on them (e.g., matrix multiplication, transpose) is essential for many ML algorithms"
"What are LLMs, and how can I build something cool with them as a student?","**What are LLMs?**

LLMs stand for Large Language Models. They're a type of artificial intelligence (AI) designed to process and understand human language. These models are trained on vast amounts of text data, which allows them to learn patterns, relationships, and structures of language. This enables them to generate text, answer questions, translate languages, and even create content.

**Types of LLMs:**

1. **Transformer-based LLMs**: These models use self-attention"
How can I train a small ML model on my own laptop — any beginner-friendly dataset or project idea?,"Training a small ML model on your own laptop is a great way to get started with machine learning. Here's a beginner-friendly guide to help you get started:

**Dataset Ideas:**

1. **Image Classification:**
	* MNIST ( handwritten digits)
	* CIFAR-10 (small images of animals, vehicles, and objects)
	* Fashion MNIST (images of clothing items)
2. **Text Classification:**
	* Sentiment Analysis (classify text as positive, negative,"
"Are tools like LangChain or HuggingFace too advanced for a beginner, or can I start exploring them now?","Both LangChain and Hugging Face are powerful tools that can be overwhelming for beginners, but it's great that you're eager to explore them. Here's a balanced perspective to help you decide:

**LangChain:**

LangChain is a Python library that enables you to build conversational AI applications using a variety of programming languages, including Python, JavaScript, and more. While it's designed to be flexible and versatile, its complexity might be a barrier for beginners.

LangChain's API is quite extensive"
How should I choose what projects to build — what makes a project impactful for my resume?,"Choosing projects to build can be a crucial step in developing your skills and creating a strong portfolio. Here are some factors to consider when selecting projects to build, as well as what makes a project impactful for your resume:

**Factors to consider when selecting projects:**

1. **Personal interest**: Choose projects that genuinely interest you and align with your passions. This will make the project more enjoyable and increase your motivation to complete it.
2. **Skill development**: Select projects that allow you to develop new skills"
When is the right time to start working on real-world projects — should I wait until I’ve mastered a tech?,"The eternal debate!

There's no one-size-fits-all answer, but I'll provide some insights to help you navigate this decision.

**Pros of waiting to master a tech before working on real-world projects:**

1. **Foundation is solid**: Mastering a tech ensures you have a strong foundation in its concepts, syntax, and best practices. This helps you tackle real-world projects with confidence.
2. **Less frustration**: You'll encounter fewer bugs and errors, making the project experience more enjoyable"
"How can I turn my academic learning (like DSA or CN) into a practical, buildable project?","Turning theoretical concepts into practical projects can make learning more engaging, applicable, and memorable. Here are some steps to help you transform your academic learning (like DSA or CN) into a buildable project:

1.  **Identify the key concepts**: Start by reviewing the key concepts and theories you've learned in your course or subject. Identify the most important ideas, principles, and frameworks.
2.  **Choose a real-world application**: Think about how these concepts can be applied to real-world"
