Questions,Mistral Answers,LLAMA Answers
"Are tools like LangChain or HuggingFace too advanced for a beginner, or can I start exploring them now?","While tools like LangChain and HuggingFace offer powerful functionalities for natural language processing (NLP), they can be a bit complex for absolute beginners due to their advanced features and steep learning curve. However, if you have a solid foundation in programming (Python is common with these tools) and are comfortable with the basics of machine learning, you can definitely start exploring them.

Here's a suggested path to get you started:

1. Familiarize yourself with","Both LangChain and Hugging Face are powerful tools that can be overwhelming for beginners, but it's great that you're eager to explore them. Here's a balanced perspective to help you decide:

**LangChain:**

LangChain is a Python library that enables you to build conversational AI applications using a variety of programming languages, including Python, JavaScript, and more. While it's designed to be flexible and versatile, its complexity might be a barrier for beginners.

LangChain's API is quite extensive"
Do I need to be good at math to understand machine learning?,"While a strong mathematical background can be helpful in understanding certain aspects of machine learning, especially in the development and implementation of complex algorithms, it is not strictly necessary to get started with machine learning concepts.

Many resources for machine learning are designed for a broad audience and explain concepts in terms of real-world examples and intuition. Some important mathematical concepts you may encounter include linear algebra, calculus, probability, and statistics, but there are resources available that explain these concepts in an accessible way for people","While math is a fundamental tool for machine learning (ML), you don't necessarily need to be a math whiz to understand the basics of machine learning. However, having a solid grasp of mathematical concepts can certainly help you navigate the field more easily.

Here's a breakdown of the math required for machine learning:

**Basic math skills:**

1. **Linear algebra**: Understanding concepts like vectors, matrices, and operations on them (e.g., matrix multiplication, transpose) is essential for many ML algorithms"
How can I train a small ML model on my own laptop — any beginner-friendly dataset or project idea?,"That's a great question! Training a machine learning (ML) model on your laptop can be a rewarding experience. Here's a simple step-by-step guide for a beginner-friendly project using the Iris dataset, a classic in the ML community. This project will involve using Python and the popular ML library, Scikit-learn.

1. **Install Needed Libraries**: If you haven't installed them already, you'll need Python,","Training a small ML model on your own laptop is a great way to get started with machine learning. Here's a beginner-friendly guide to help you get started:

**Dataset Ideas:**

1. **Image Classification:**
	* MNIST ( handwritten digits)
	* CIFAR-10 (small images of animals, vehicles, and objects)
	* Fashion MNIST (images of clothing items)
2. **Text Classification:**
	* Sentiment Analysis (classify text as positive, negative,"
"How can I turn my academic learning (like DSA or CN) into a practical, buildable project?","To turn your academic learning in subjects like Data Science (DSA) or Computer Networking (CN) into practical, buildable projects, follow these steps:

1. **Define the Project Scope:** Clearly define what you want to achieve with your project. This could be anything from creating a machine learning model for a specific task, developing a network topology, or building a web application.

2. **Research:** Research similar projects that have been done before. This","Turning theoretical concepts into practical projects can make learning more engaging, applicable, and memorable. Here are some steps to help you transform your academic learning (like DSA or CN) into a buildable project:

1.  **Identify the key concepts**: Start by reviewing the key concepts and theories you've learned in your course or subject. Identify the most important ideas, principles, and frameworks.
2.  **Choose a real-world application**: Think about how these concepts can be applied to real-world"
"How do I build a complete web app that can go on my resume — like a to-do app isn’t enough anymore, right?","Building a complete web application for your resume can be an impressive way to showcase your skills and creativity. Here's a step-by-step guide on creating a personal portfolio web app that goes beyond a simple to-do app:

1. **Define your project scope**: Decide what you want to build based on your skills and the technologies you'd like to showcase. Some examples could be a personal blog, a portfolio showcasing your projects, an e-","Building a complete web app can be a great way to showcase your skills on your resume. To create a more comprehensive project, you can build a web app that integrates multiple features and functionalities. Here are some ideas and steps to help you get started:

1. **Choose a concept**: Pick a domain or problem that interests you, such as:
	* Social media platform (e.g., a mini Facebook, Twitter, or Instagram clone)
	* E-commerce platform (e.g., a simple online"
How do I connect a frontend (like React) to a backend API — and where should I host it?,"To connect a frontend like React to a backend API, you'll need to follow these steps:

1. Set up your React project:
   You can create a new React project using Create React App (CRA) or other build tools like Next.js, Gatsby, etc., depending on your preference and project requirements.

2. Install Axios:
   Axios is a popular library for making HTTP requests in JavaScript. You can install it using n","Connecting a frontend (like React) to a backend API involves several steps, including setting up the API, creating a connection between the frontend and backend, and hosting the frontend. Here's a general overview of the process:

**Backend API Setup**

1. **Choose a backend framework**: Select a suitable backend framework such as Node.js with Express.js, Django, or Ruby on Rails. Each has its own strengths and weaknesses.
2. **Set up the API**: Create a new project, install the"
How do I start learning web development from scratch — what’s the roadmap?,"Starting web development from scratch can be an exciting journey! Here's a roadmap that can help you get started:

1. **Learn HTML & CSS**: These are the building blocks of web development. HTML (HyperText Markup Language) is used for structuring content, and CSS (Cascading Style Sheets) is used for styling and designing the web pages.

   - Recommended Resources:
     - W3Schools HTML (","Learning web development from scratch can be a challenging but rewarding journey. Here's a comprehensive roadmap to help you get started:

**Phase 1: Foundations (1-3 months)**

1. **HTML** (Hypertext Markup Language):
	* Learn the basic syntax and structure of HTML (tags, attributes, etc.)
	* Understand how to create a basic webpage with HTML
	* Online resources:
		+ Mozilla Developer Network (MDN) Web Docs
		+ W"
How much DSA is enough for cracking product-based companies like Google or Amazon?,"Cracking product-based companies like Google or Amazon requires more than just Data Structures and Algorithms (DSA) knowledge. While DSA is crucial, it's essential to understand that these companies value a broad set of skills. Here's a breakdown of the key areas you should focus on:

1. Data Structures and Algorithms: This is the foundation you'll build upon. Understanding data structures like arrays, linked lists, stacks, queues, trees","The amount of DSA (Data Structures and Algorithms) knowledge required to crack product-based companies like Google or Amazon can vary depending on the role and position you're applying for, as well as the company's specific requirements. However, I'll provide a general outline to help you gauge what's expected.

**Understanding the landscape:**

Product-based companies like Google and Amazon rely heavily on software engineering, and their hiring processes often involve technical interviews that assess your problem-solving skills, coding abilities, and system design"
"How should I balance my time between core subjects like CN, DBMS, OS, and DSA during semester and placement prep?","Balancing your time between core subjects and placement preparation during a semester is crucial for academic success and ensuring you're well-prepared for internships or job interviews. Here's a general approach to help you manage your time effectively:

1. Understand the course structure: Familiarize yourself with the syllabus, exam patterns, and assessment methods for each course (CN, DBMS, OS, DSA). This will help you allocate time based on the weight","Balancing your time between core subjects, data structures and algorithms (DSA), and placement preparation is crucial to perform well in all three areas. Here are some tips to help you strike a balance:

**Time Allocation**

1.  **Core Subjects (CN, DBMS, OS)**: Allocate 40-50% of your time for these subjects. Focus on understanding the fundamentals and practicing problems related to these subjects.
2.  **DSA**: Allocate 20-30% of your time for"
How should I choose what projects to build — what makes a project impactful for my resume?,"Choosing projects for your resume can be a strategic process that not only showcases your skills but also demonstrates your potential value to future employers. Here are some factors to consider when choosing projects to build:

1. Relevance to your target job: Select projects that are closely related to the job role you are aiming for. This helps demonstrate that you have the necessary skills and experience for the position.

2. Showcase a range of skills: Aim to build projects","Choosing projects to build can be a crucial step in developing your skills and creating a strong portfolio. Here are some factors to consider when selecting projects to build, as well as what makes a project impactful for your resume:

**Factors to consider when selecting projects:**

1. **Personal interest**: Choose projects that genuinely interest you and align with your passions. This will make the project more enjoyable and increase your motivation to complete it.
2. **Skill development**: Select projects that allow you to develop new skills"
"Is it important to study COA (Computer Organization & Architecture) deeply, or just focus on key topics?","The importance of studying Computer Organization and Architecture (COA) depends on your career goals and educational path. If you're pursuing a career in computer engineering, system programming, computer architecture, or research, a strong understanding of COA is crucial. It forms a solid foundation for understanding computer systems, hardware-software interaction, and the principles behind the design and optimization of computer systems.

However, if you're primarily interested in software development or application programming, a good grasp","Studying Computer Organization and Architecture (COA) is a crucial aspect of computer science and engineering education. While it's possible to get by with a surface-level understanding of COA, delving deeper into the subject can provide numerous benefits. Here's why:

**Why study COA deeply?**

1. **Foundational understanding**: COA provides a solid foundation in how computers work, which is essential for understanding various aspects of computer science and engineering, such as operating systems, computer networks,"
Is it necessary to learn Next.js if I already know React?,"Learning Next.js can be beneficial if you already know React, as Next.js is a React framework that specializes in building server-rendered or statically-exported React applications. This can be particularly useful for SEO (Search Engine Optimization) and performance-related reasons, as Next.js automatically handles server-side rendering and code splitting.

However, it's not strictly necessary to learn Next.js to build a React application. If your current project doesn't","Learning Next.js can be beneficial even if you already know React, but it depends on your goals and the type of projects you want to build. Here's a balanced view to help you decide:

**Reasons to learn Next.js if you know React:**

1. **Server-side rendering (SSR)**: Next.js provides built-in server-side rendering, which can improve SEO, user experience, and performance. If you want to build a website or a web application that requires fast initial page loads"
Is learning C really necessary before starting with C++ or Python?,"It's not strictly necessary to learn C before starting with C++ or Python. Both C++ and Python are high-level programming languages and have many features that make them easier to learn for beginners. However, understanding the paradigms and syntax of C can provide a deeper understanding of lower-level programming concepts, which may be beneficial for a more comprehensive understanding of C++.

C++ is built upon the C programming language and shares many similarities in syntax and paradigms","**Learning C Before C++ or Python: A Discussion**

While it's possible to learn C++ or Python without prior knowledge of C, having a basic understanding of C can be beneficial. Here's a balanced view of the pros and cons:

### Pros of Learning C Before C++ or Python:

1.  **Understanding of low-level memory management**: C is a low-level language that requires manual memory management through pointers, which is also a fundamental concept in C++ and Python. Knowing how to"
Should I learn JavaScript deeply before starting React?,"While it's not strictly necessary to have a deep understanding of JavaScript before diving into React, having a solid foundation in JavaScript will make learning React more efficient and enjoyable. However, the reverse is not as true. You can learn React and start building projects, and in the process, you'll naturally learn more about JavaScript.

Here's a suggested learning path:

1. Start with the basics of JavaScript: Variables, data types, functions, loops, and","**Learning JavaScript before React: A Balanced Approach**

Whether or not to learn JavaScript before starting React is a common debate among developers. Here's a balanced view to help you decide:

**Why learn JavaScript first?**

1. **Foundational understanding**: JavaScript is a fundamental programming language that powers the web. Understanding its syntax, concepts, and best practices will help you grasp React more easily.
2. **Better React fundamentals**: Knowing JavaScript will enable you to understand React's core concepts, such as components"
"What are LLMs, and how can I build something cool with them as a student?","LLMs, or Master of Laws degrees, are advanced professional degrees in the field of law. They are typically pursued by individuals who already hold a first degree in law (Juris Doctor or Bachelor of Laws) and wish to specialize in a specific area of law, such as international law, tax law, or intellectual property law.

As a student, you can build something cool with LLMs by applying the knowledge and skills you gain from your studies to real-world","**What are LLMs?**

LLMs stand for Large Language Models. They're a type of artificial intelligence (AI) designed to process and understand human language. These models are trained on vast amounts of text data, which allows them to learn patterns, relationships, and structures of language. This enables them to generate text, answer questions, translate languages, and even create content.

**Types of LLMs:**

1. **Transformer-based LLMs**: These models use self-attention"
What’s the best way to understand Computer Networks (CN) without getting bored?,"Understanding Computer Networks (CN) can be an exciting journey if you approach it in an engaging and practical way. Here are some tips to help you understand CN without getting bored:

1. Real-world examples: Use real-world scenarios to understand the concepts. For example, imagine you are building a network for a small company or a school, and think about the requirements, design, and challenges you would face.

2. Hands-on experience: Implementing","Understanding computer networks can be a fascinating and rewarding experience, but it's true that it can also be a complex and dry topic if not approached in an engaging way. Here are some tips to help you stay interested and motivated:

1. **Relate it to real-life scenarios**: Try to think of everyday situations where networks are used, such as online shopping, social media, or online gaming. How do these applications rely on computer networks? How do they work behind the scenes?
2. **Visual"
"What’s the difference between AI, ML, and deep learning — and where should I start?","AI (Artificial Intelligence) is a broad field that aims to create machines capable of performing tasks that typically require human intelligence, such as understanding natural language, recognizing images, making decisions, and solving problems.

ML (Machine Learning) is a subset of AI that focuses on developing algorithms and statistical models that enable machines to learn from data, without being explicitly programmed. ML models are trained on large amounts of data, and they use this data to make predictions or decisions.

Deep","The terms ""Artificial Intelligence (AI), Machine Learning (ML), and Deep Learning"" are often used interchangeably, but they represent distinct concepts within the broader field of AI. Understanding the differences will help you navigate the field and make informed decisions about where to focus your efforts.

### Artificial Intelligence (AI)

**Artificial Intelligence** refers to the broader field of research aimed at creating machines that can perform tasks that typically require human intelligence, such as:

- Reasoning
- Problem-solving
-"
What’s the difference between learning MERN stack and Spring Boot — which is better for job-ready projects?,"MERN (MongoDB, Express.js, React.js, Node.js) and Spring Boot are two different full-stack frameworks used for building web applications, each with their own strengths and use cases. Both can lead to job-ready projects, but the choice between the two often depends on specific project requirements, personal preference, and the industry you're targeting.

1. Technology Stack:
   - MERN stack uses MongoDB (NoSQL database","MERN (MongoDB, Express.js, React, Node.js) and Spring Boot are two popular technology stacks used for building web applications. The choice between them depends on several factors, including the project requirements, team expertise, and personal preferences. Here's a brief comparison:

**MERN Stack:**

1. **Front-end:** React.js (JavaScript library for building user interfaces)
2. **Back-end:** Node.js (JavaScript runtime environment) with Express.js (framework for building web applications)"
When is the right time to start working on real-world projects — should I wait until I’ve mastered a tech?,"It's a common question for many learners in technical fields, and the answer isn't always straightforward. The timing can vary based on your learning style, career goals, and the specific technology you're learning.

Here are a few points to consider:

1. **Understanding the Basics**: Before diving into real-world projects, it's essential to have a solid understanding of the fundamentals. This includes concepts, syntax, and common practices. If","The eternal debate!

There's no one-size-fits-all answer, but I'll provide some insights to help you navigate this decision.

**Pros of waiting to master a tech before working on real-world projects:**

1. **Foundation is solid**: Mastering a tech ensures you have a strong foundation in its concepts, syntax, and best practices. This helps you tackle real-world projects with confidence.
2. **Less frustration**: You'll encounter fewer bugs and errors, making the project experience more enjoyable"
"Which programming language should I master first: C++, Java, or Python — especially for placements?","Choosing a first programming language to master can depend on several factors, including your career goals, interest, and the specific industry you plan to work in. However, for general-purpose programming and for many entry-level positions, Python and Java are commonly recommended, while C++ is often considered more specialized and is usually learned after gaining experience with other languages.

1. Python: Python is a high-level, easy-to-learn language, making it a great choice for beg","Choosing the right programming language to master for placements (job interviews) can be a crucial decision, especially for beginners. While all three languages (C++, Java, and Python) are popular and widely used, I'll provide you a balanced analysis to help you decide.

**Consider the following factors:**

1. **Job market demand**: Python is currently the most in-demand language in the job market, especially in the fields of Data Science, Machine Learning, and Artificial Intelligence. C++ and Java are"
