Questions,Mistral Answers
"Which programming language should I master first: C++, Java, or Python — especially for placements?","Choosing a first programming language to master can depend on several factors, including your career goals, interest, and the specific industry you plan to work in. However, for general-purpose programming and for many entry-level positions, Python and Java are commonly recommended, while C++ is often considered more specialized and is usually learned after gaining experience with other languages.

1. Python: Python is a high-level, easy-to-learn language, making it a great choice for beg"
Is learning C really necessary before starting with C++ or Python?,"It's not strictly necessary to learn C before starting with C++ or Python. Both C++ and Python are high-level programming languages and have many features that make them easier to learn for beginners. However, understanding the paradigms and syntax of C can provide a deeper understanding of lower-level programming concepts, which may be beneficial for a more comprehensive understanding of C++.

C++ is built upon the C programming language and shares many similarities in syntax and paradigms"
How much DSA is enough for cracking product-based companies like Google or Amazon?,"Cracking product-based companies like Google or Amazon requires more than just Data Structures and Algorithms (DSA) knowledge. While DSA is crucial, it's essential to understand that these companies value a broad set of skills. Here's a breakdown of the key areas you should focus on:

1. Data Structures and Algorithms: This is the foundation you'll build upon. Understanding data structures like arrays, linked lists, stacks, queues, trees"
What’s the best way to understand Computer Networks (CN) without getting bored?,"Understanding Computer Networks (CN) can be an exciting journey if you approach it in an engaging and practical way. Here are some tips to help you understand CN without getting bored:

1. Real-world examples: Use real-world scenarios to understand the concepts. For example, imagine you are building a network for a small company or a school, and think about the requirements, design, and challenges you would face.

2. Hands-on experience: Implementing"
"Is it important to study COA (Computer Organization & Architecture) deeply, or just focus on key topics?","The importance of studying Computer Organization and Architecture (COA) depends on your career goals and educational path. If you're pursuing a career in computer engineering, system programming, computer architecture, or research, a strong understanding of COA is crucial. It forms a solid foundation for understanding computer systems, hardware-software interaction, and the principles behind the design and optimization of computer systems.

However, if you're primarily interested in software development or application programming, a good grasp"
"How should I balance my time between core subjects like CN, DBMS, OS, and DSA during semester and placement prep?","Balancing your time between core subjects and placement preparation during a semester is crucial for academic success and ensuring you're well-prepared for internships or job interviews. Here's a general approach to help you manage your time effectively:

1. Understand the course structure: Familiarize yourself with the syllabus, exam patterns, and assessment methods for each course (CN, DBMS, OS, DSA). This will help you allocate time based on the weight"
How do I start learning web development from scratch — what’s the roadmap?,"Starting web development from scratch can be an exciting journey! Here's a roadmap that can help you get started:

1. **Learn HTML & CSS**: These are the building blocks of web development. HTML (HyperText Markup Language) is used for structuring content, and CSS (Cascading Style Sheets) is used for styling and designing the web pages.

   - Recommended Resources:
     - W3Schools HTML ("
Should I learn JavaScript deeply before starting React?,"While it's not strictly necessary to have a deep understanding of JavaScript before diving into React, having a solid foundation in JavaScript will make learning React more efficient and enjoyable. However, the reverse is not as true. You can learn React and start building projects, and in the process, you'll naturally learn more about JavaScript.

Here's a suggested learning path:

1. Start with the basics of JavaScript: Variables, data types, functions, loops, and"
What’s the difference between learning MERN stack and Spring Boot — which is better for job-ready projects?,"MERN (MongoDB, Express.js, React.js, Node.js) and Spring Boot are two different full-stack frameworks used for building web applications, each with their own strengths and use cases. Both can lead to job-ready projects, but the choice between the two often depends on specific project requirements, personal preference, and the industry you're targeting.

1. Technology Stack:
   - MERN stack uses MongoDB (NoSQL database"
How do I connect a frontend (like React) to a backend API — and where should I host it?,"To connect a frontend like React to a backend API, you'll need to follow these steps:

1. Set up your React project:
   You can create a new React project using Create React App (CRA) or other build tools like Next.js, Gatsby, etc., depending on your preference and project requirements.

2. Install Axios:
   Axios is a popular library for making HTTP requests in JavaScript. You can install it using n"
Is it necessary to learn Next.js if I already know React?,"Learning Next.js can be beneficial if you already know React, as Next.js is a React framework that specializes in building server-rendered or statically-exported React applications. This can be particularly useful for SEO (Search Engine Optimization) and performance-related reasons, as Next.js automatically handles server-side rendering and code splitting.

However, it's not strictly necessary to learn Next.js to build a React application. If your current project doesn't"
"How do I build a complete web app that can go on my resume — like a to-do app isn’t enough anymore, right?","Building a complete web application for your resume can be an impressive way to showcase your skills and creativity. Here's a step-by-step guide on creating a personal portfolio web app that goes beyond a simple to-do app:

1. **Define your project scope**: Decide what you want to build based on your skills and the technologies you'd like to showcase. Some examples could be a personal blog, a portfolio showcasing your projects, an e-"
"What’s the difference between AI, ML, and deep learning — and where should I start?","AI (Artificial Intelligence) is a broad field that aims to create machines capable of performing tasks that typically require human intelligence, such as understanding natural language, recognizing images, making decisions, and solving problems.

ML (Machine Learning) is a subset of AI that focuses on developing algorithms and statistical models that enable machines to learn from data, without being explicitly programmed. ML models are trained on large amounts of data, and they use this data to make predictions or decisions.

Deep"
Do I need to be good at math to understand machine learning?,"While a strong mathematical background can be helpful in understanding certain aspects of machine learning, especially in the development and implementation of complex algorithms, it is not strictly necessary to get started with machine learning concepts.

Many resources for machine learning are designed for a broad audience and explain concepts in terms of real-world examples and intuition. Some important mathematical concepts you may encounter include linear algebra, calculus, probability, and statistics, but there are resources available that explain these concepts in an accessible way for people"
"What are LLMs, and how can I build something cool with them as a student?","LLMs, or Master of Laws degrees, are advanced professional degrees in the field of law. They are typically pursued by individuals who already hold a first degree in law (Juris Doctor or Bachelor of Laws) and wish to specialize in a specific area of law, such as international law, tax law, or intellectual property law.

As a student, you can build something cool with LLMs by applying the knowledge and skills you gain from your studies to real-world"
How can I train a small ML model on my own laptop — any beginner-friendly dataset or project idea?,"That's a great question! Training a machine learning (ML) model on your laptop can be a rewarding experience. Here's a simple step-by-step guide for a beginner-friendly project using the Iris dataset, a classic in the ML community. This project will involve using Python and the popular ML library, Scikit-learn.

1. **Install Needed Libraries**: If you haven't installed them already, you'll need Python,"
"Are tools like LangChain or HuggingFace too advanced for a beginner, or can I start exploring them now?","While tools like LangChain and HuggingFace offer powerful functionalities for natural language processing (NLP), they can be a bit complex for absolute beginners due to their advanced features and steep learning curve. However, if you have a solid foundation in programming (Python is common with these tools) and are comfortable with the basics of machine learning, you can definitely start exploring them.

Here's a suggested path to get you started:

1. Familiarize yourself with"
How should I choose what projects to build — what makes a project impactful for my resume?,"Choosing projects for your resume can be a strategic process that not only showcases your skills but also demonstrates your potential value to future employers. Here are some factors to consider when choosing projects to build:

1. Relevance to your target job: Select projects that are closely related to the job role you are aiming for. This helps demonstrate that you have the necessary skills and experience for the position.

2. Showcase a range of skills: Aim to build projects"
When is the right time to start working on real-world projects — should I wait until I’ve mastered a tech?,"It's a common question for many learners in technical fields, and the answer isn't always straightforward. The timing can vary based on your learning style, career goals, and the specific technology you're learning.

Here are a few points to consider:

1. **Understanding the Basics**: Before diving into real-world projects, it's essential to have a solid understanding of the fundamentals. This includes concepts, syntax, and common practices. If"
"How can I turn my academic learning (like DSA or CN) into a practical, buildable project?","To turn your academic learning in subjects like Data Science (DSA) or Computer Networking (CN) into practical, buildable projects, follow these steps:

1. **Define the Project Scope:** Clearly define what you want to achieve with your project. This could be anything from creating a machine learning model for a specific task, developing a network topology, or building a web application.

2. **Research:** Research similar projects that have been done before. This"
